Season,League,MatchDate,HomeTeam,AwayTeam,FullTimeHomeGoals,FullTimeAwayGoals,FullTimeResult,HalfTimeHomeGoals,HalfTimeAwayGoals,HalfTimeResult,HomeShots,AwayShots,HomeShotsOnTarget,AwayShotsOnTarget,HomeCorners,AwayCorners,HomeFouls,AwayFouls,HomeYellowCards,AwayYellowCards,HomeRedCards,AwayRedCards
2025/26,Bundesliga,2025-08-22,Bayern Munich,RB Leipzig,6,0,H,3,0,H,19,12,10,1,5,5,13,13,4,1,0,0
2025/26,Bundesliga,2025-08-23,Ein Frankfurt,Werder Bremen,4,1,H,2,0,H,18,10,5,5,7,1,9,9,1,3,0,0
2025/26,Bundesliga,2025-08-23,Freiburg,Augsburg,1,3,A,0,3,A,16,14,4,5,5,5,14,18,4,5,0,0
2025/26,Bundesliga,2025-08-23,Heidenheim,Wolfsburg,1,3,A,1,1,D,7,15,2,5,2,5,12,12,2,3,0,0
2025/26,Bundesliga,2025-08-23,Leverkusen,Hoffenheim,1,2,A,1,1,D,7,10,2,5,6,4,9,17,0,4,0,0
2025/26,Bundesliga,2025-08-23,Union Berlin,Stuttgart,2,1,H,2,0,H,8,21,2,6,5,11,21,13,4,4,0,0
2025/26,Bundesliga,2025-08-23,St Pauli,Dortmund,3,3,D,0,1,A,11,8,7,7,5,2,13,12,2,3,0,1
2025/26,Bundesliga,2025-08-24,Mainz,FC Koln,0,1,A,0,0,D,19,12,2,2,8,3,7,9,0,2,1,0
2025/26,Bundesliga,2025-08-24,M'gladbach,Hamburg,0,0,D,0,0,D,17,7,4,2,7,6,10,10,2,1,0,0
2025/26,Bundesliga,2025-08-29,Hamburg,St Pauli,0,2,A,0,1,A,5,17,2,6,2,5,13,19,3,3,1,0
2025/26,Bundesliga,2025-08-30,Hoffenheim,Ein Frankfurt,1,3,A,0,2,A,17,9,5,6,4,5,14,10,2,3,0,0
2025/26,Bundesliga,2025-08-30,RB Leipzig,Heidenheim,2,0,H,0,0,D,19,5,5,3,4,3,7,13,2,5,0,0
2025/26,Bundesliga,2025-08-30,Stuttgart,M'gladbach,1,0,H,0,0,D,13,15,5,6,6,10,5,13,2,1,0,0
2025/26,Bundesliga,2025-08-30,Werder Bremen,Leverkusen,3,3,D,1,2,A,12,10,5,4,3,7,11,10,4,3,1,0
2025/26,Bundesliga,2025-08-30,Augsburg,Bayern Munich,2,3,A,0,2,A,10,20,3,10,7,5,14,11,3,4,0,0
2025/26,Bundesliga,2025-08-31,Wolfsburg,Mainz,1,1,D,1,0,H,11,17,3,3,3,10,15,14,3,5,1,0
2025/26,Bundesliga,2025-08-31,Dortmund,Union Berlin,3,0,H,1,0,H,11,12,6,3,4,6,14,7,0,0,0,0
2025/26,Bundesliga,2025-08-31,FC Koln,Freiburg,4,1,H,1,0,H,18,12,6,2,3,5,12,9,2,1,0,0
2025/26,Bundesliga,2025-09-12,Leverkusen,Ein Frankfurt,3,1,H,2,0,H,18,13,8,2,4,8,10,9,5,3,2,0
2025/26,Bundesliga,2025-09-13,Freiburg,Stuttgart,3,1,H,0,1,A,14,7,6,2,7,1,8,13,1,1,1,0
2025/26,Bundesliga,2025-09-13,Heidenheim,Dortmund,0,2,A,0,2,A,6,17,1,8,5,4,5,9,2,3,1,0
2025/26,Bundesliga,2025-09-13,Mainz,RB Leipzig,0,1,A,0,1,A,13,19,2,3,3,5,12,11,1,0,0,0
2025/26,Bundesliga,2025-09-13,Union Berlin,Hoffenheim,2,4,A,0,2,A,20,9,7,8,9,2,13,12,1,1,1,0
2025/26,Bundesliga,2025-09-13,Wolfsburg,FC Koln,3,3,D,1,1,D,14,14,6,8,7,4,15,11,2,3,0,0
2025/26,Bundesliga,2025-09-13,Bayern Munich,Hamburg,5,0,H,4,0,H,22,9,12,2,5,3,11,14,2,2,0,0
2025/26,Bundesliga,2025-09-14,St Pauli,Augsburg,2,1,H,1,1,D,13,10,7,5,3,1,10,12,1,4,0,0
2025/26,Bundesliga,2025-09-14,M'gladbach,Werder Bremen,0,4,A,0,2,A,19,12,3,7,9,4,12,9,1,0,0,0
2025/26,Bundesliga,2025-09-19,Stuttgart,St Pauli,2,0,H,1,0,H,17,9,8,2,8,4,13,15,0,2,0,0
2025/26,Bundesliga,2025-09-20,Augsburg,Mainz,1,4,A,0,2,A,18,12,5,4,6,6,13,10,1,2,0,1
2025/26,Bundesliga,2025-09-20,Hamburg,Heidenheim,2,1,H,1,0,H,22,20,9,8,1,12,15,10,5,1,0,0
2025/26,Bundesliga,2025-09-20,Hoffenheim,Bayern Munich,1,4,A,0,1,A,12,18,4,10,5,5,17,9,1,2,0,0
2025/26,Bundesliga,2025-09-20,Werder Bremen,Freiburg,0,3,A,0,1,A,12,10,5,5,2,0,13,7,5,2,0,0
2025/26,Bundesliga,2025-09-20,RB Leipzig,FC Koln,3,1,H,3,1,H,18,13,8,2,9,5,10,8,1,1,0,0
2025/26,Bundesliga,2025-09-21,Ein Frankfurt,Union Berlin,3,4,A,1,2,A,19,11,10,5,5,1,10,11,3,2,0,0
2025/26,Bundesliga,2025-09-21,Leverkusen,M'gladbach,1,1,D,0,0,D,13,13,9,7,3,4,12,15,5,5,0,0
2025/26,Bundesliga,2025-09-21,Dortmund,Wolfsburg,1,0,H,1,0,H,12,10,4,1,9,3,10,9,1,0,0,0
2025/26,Bundesliga,2025-09-26,Bayern Munich,Werder Bremen,4,0,H,2,0,H,26,9,13,3,7,6,9,4,2,0,0,0
2025/26,Bundesliga,2025-09-27,Heidenheim,Augsburg,2,1,H,0,0,D,11,8,5,2,3,2,16,20,1,6,0,0
2025/26,Bundesliga,2025-09-27,Mainz,Dortmund,0,2,A,0,2,A,8,10,2,4,7,5,12,14,2,1,1,0
2025/26,Bundesliga,2025-09-27,St Pauli,Leverkusen,1,2,A,1,1,D,13,5,6,4,13,1,13,11,3,5,0,0
2025/26,Bundesliga,2025-09-27,Wolfsburg,RB Leipzig,0,1,A,0,1,A,22,20,4,6,6,11,7,9,2,2,0,0
2025/26,Bundesliga,2025-09-27,M'gladbach,Ein Frankfurt,4,6,A,0,5,A,11,21,8,7,4,6,14,8,1,2,0,0
2025/26,Bundesliga,2025-09-28,Freiburg,Hoffenheim,1,1,D,1,1,D,6,15,1,4,6,8,9,15,3,1,0,0
2025/26,Bundesliga,2025-09-28,FC Koln,Stuttgart,1,2,A,1,1,D,14,15,6,5,8,8,12,12,2,2,0,0
2025/26,Bundesliga,2025-09-28,Union Berlin,Hamburg,0,0,D,0,0,D,11,16,2,6,5,3,18,17,2,2,0,1
2025/26,Bundesliga,2025-10-03,Hoffenheim,FC Koln,0,1,A,0,1,A,15,10,4,4,11,6,15,6,3,1,0,0
2025/26,Bundesliga,2025-10-04,Augsburg,Wolfsburg,3,1,H,1,0,H,10,14,5,4,10,5,9,7,2,1,0,0
2025/26,Bundesliga,2025-10-04,Dortmund,RB Leipzig,1,1,D,1,1,D,15,13,3,3,7,7,13,14,1,3,0,0
2025/26,Bundesliga,2025-10-04,Leverkusen,Union Berlin,2,0,H,1,0,H,20,10,3,3,4,4,11,13,1,3,0,0
2025/26,Bundesliga,2025-10-04,Werder Bremen,St Pauli,1,0,H,1,0,H,15,13,5,3,4,1,8,9,3,1,0,0
2025/26,Bundesliga,2025-10-04,Ein Frankfurt,Bayern Munich,0,3,A,0,2,A,6,12,1,3,4,3,11,11,1,2,0,0
2025/26,Bundesliga,2025-10-05,Stuttgart,Heidenheim,1,0,H,0,0,D,18,5,6,1,1,1,11,12,1,1,0,0
2025/26,Bundesliga,2025-10-05,Hamburg,Mainz,4,0,H,2,0,H,15,11,9,4,1,4,14,13,2,3,0,0
2025/26,Bundesliga,2025-10-05,M'gladbach,Freiburg,0,0,D,0,0,D,9,12,5,1,4,1,15,7,3,1,0,0
2025/26,Bundesliga,2025-10-17,Union Berlin,M'gladbach,3,1,H,2,1,H,16,8,5,2,6,6,21,15,5,3,0,0
2025/26,Bundesliga,2025-10-18,FC Koln,Augsburg,1,1,D,0,0,D,9,10,2,4,5,2,10,17,2,2,0,0
2025/26,Bundesliga,2025-10-18,Heidenheim,Werder Bremen,2,2,D,0,0,D,31,11,11,4,12,2,9,11,1,3,0,0
2025/26,Bundesliga,2025-10-18,Mainz,Leverkusen,3,4,A,1,3,A,12,20,4,8,2,3,20,12,4,4,0,0
2025/26,Bundesliga,2025-10-18,RB Leipzig,Hamburg,2,1,H,1,0,H,10,15,4,3,3,5,13,12,3,1,0,0
2025/26,Bundesliga,2025-10-18,Wolfsburg,Stuttgart,0,3,A,0,1,A,11,15,3,7,3,8,12,8,1,1,0,0
2025/26,Bundesliga,2025-10-18,Bayern Munich,Dortmund,2,1,H,1,0,H,15,8,7,1,4,3,12,17,1,3,0,0
2025/26,Bundesliga,2025-10-19,Freiburg,Ein Frankfurt,2,2,D,1,2,A,12,8,5,3,3,1,6,15,2,3,0,0
2025/26,Bundesliga,2025-10-19,St Pauli,Hoffenheim,0,3,A,0,0,D,10,14,2,5,9,7,10,17,1,3,0,0
2025/26,Bundesliga,2025-10-24,Werder Bremen,Union Berlin,1,0,H,0,0,D,16,12,3,2,5,6,6,13,4,0,0,0
2025/26,Bundesliga,2025-10-25,Augsburg,RB Leipzig,0,6,A,0,4,A,15,15,2,8,2,3,9,10,3,1,0,0
2025/26,Bundesliga,2025-10-25,Ein Frankfurt,St Pauli,2,0,H,1,0,H,10,9,6,1,1,3,11,6,0,1,0,0
2025/26,Bundesliga,2025-10-25,Hamburg,Wolfsburg,0,1,A,0,1,A,27,6,6,2,11,1,8,18,1,5,0,0
2025/26,Bundesliga,2025-10-25,Hoffenheim,Heidenheim,3,1,H,2,0,H,14,12,7,3,7,5,14,13,1,1,0,0
2025/26,Bundesliga,2025-10-25,M'gladbach,Bayern Munich,0,3,A,0,0,D,1,27,0,11,1,8,6,9,0,3,1,0
2025/26,Bundesliga,2025-10-25,Dortmund,FC Koln,1,0,H,0,0,D,27,5,9,0,17,2,10,8,2,2,0,0
2025/26,Bundesliga,2025-10-26,Leverkusen,Freiburg,2,0,H,1,0,H,19,10,4,3,2,3,9,8,1,2,0,1
2025/26,Bundesliga,2025-10-26,Stuttgart,Mainz,2,1,H,1,1,D,19,13,8,2,7,5,11,12,4,3,0,0
2025/26,La Liga,2025-08-15,Girona,Vallecano,1,3,A,0,3,A,7,16,2,5,2,4,8,17,0,1,1,0
2025/26,La Liga,2025-08-15,Villarreal,Oviedo,2,0,H,2,0,H,25,5,10,4,10,1,10,8,1,2,0,1
2025/26,La Liga,2025-08-16,Mallorca,Barcelona,0,3,A,0,2,A,4,24,1,8,3,6,8,17,4,1,2,0
2025/26,La Liga,2025-08-16,Alaves,Levante,2,1,H,1,0,H,15,7,4,3,10,1,15,13,0,1,0,0
2025/26,La Liga,2025-08-16,Valencia,Sociedad,1,1,D,0,0,D,18,13,2,3,8,7,5,11,1,2,0,0
2025/26,La Liga,2025-08-17,Celta,Getafe,0,2,A,0,0,D,11,10,3,3,9,3,15,17,3,2,0,0
2025/26,La Liga,2025-08-17,Ath Bilbao,Sevilla,3,2,H,2,0,H,14,12,3,6,10,1,8,12,0,2,0,0
2025/26,La Liga,2025-08-17,Espanol,Ath Madrid,2,1,H,0,1,A,10,15,5,4,1,3,14,11,3,3,0,0
2025/26,La Liga,2025-08-18,Elche,Betis,1,1,D,0,1,A,6,12,2,4,1,3,14,13,0,1,0,0
2025/26,La Liga,2025-08-19,Real Madrid,Osasuna,1,0,H,0,0,D,18,2,5,0,7,0,10,12,1,0,0,1
2025/26,La Liga,2025-08-22,Betis,Alaves,1,0,H,1,0,H,16,11,5,5,5,2,10,17,2,3,0,0
2025/26,La Liga,2025-08-23,Mallorca,Celta,1,1,D,0,1,A,12,8,4,2,3,4,12,12,3,3,0,0
2025/26,La Liga,2025-08-23,Ath Madrid,Elche,1,1,D,1,1,D,13,6,6,2,10,2,14,7,0,3,0,0
2025/26,La Liga,2025-08-23,Levante,Barcelona,2,3,A,2,0,H,8,26,5,10,0,11,10,8,3,1,0,0
2025/26,La Liga,2025-08-24,Osasuna,Valencia,1,0,H,1,0,H,16,4,4,1,3,4,14,13,2,1,0,1
2025/26,La Liga,2025-08-24,Sociedad,Espanol,2,2,D,0,2,A,15,14,7,3,5,2,16,18,2,2,0,0
2025/26,La Liga,2025-08-24,Villarreal,Girona,5,0,H,4,0,H,19,5,7,2,8,1,8,9,1,2,0,0
2025/26,La Liga,2025-08-24,Oviedo,Real Madrid,0,3,A,0,1,A,6,26,3,10,1,9,8,7,2,1,0,0
2025/26,La Liga,2025-08-25,Ath Bilbao,Vallecano,1,0,H,0,0,D,11,6,4,1,3,6,13,13,0,4,0,0
2025/26,La Liga,2025-08-25,Sevilla,Getafe,1,2,A,1,1,D,12,9,3,6,5,3,10,24,2,2,0,0
2025/26,La Liga,2025-08-27,Celta,Betis,1,1,D,0,1,A,14,7,5,2,10,4,13,11,1,2,0,0
2025/26,La Liga,2025-08-29,Elche,Levante,2,0,H,0,0,D,16,11,5,1,4,2,14,17,1,2,0,0
2025/26,La Liga,2025-08-29,Valencia,Getafe,3,0,H,1,0,H,7,11,4,1,8,6,18,7,2,0,0,0
2025/26,La Liga,2025-08-30,Alaves,Ath Madrid,1,1,D,1,1,D,5,15,2,6,1,6,10,17,2,3,0,0
2025/26,La Liga,2025-08-30,Oviedo,Sociedad,1,0,H,1,0,H,8,18,1,6,1,10,7,18,2,1,0,0
2025/26,La Liga,2025-08-30,Girona,Sevilla,0,2,A,0,1,A,20,13,5,4,11,3,5,14,0,2,0,0
2025/26,La Liga,2025-08-30,Real Madrid,Mallorca,2,1,H,2,1,H,17,9,7,5,4,5,12,7,2,0,0,0
2025/26,La Liga,2025-08-31,Celta,Villarreal,1,1,D,0,0,D,10,8,2,3,1,5,11,8,1,1,0,0
2025/26,La Liga,2025-08-31,Betis,Ath Bilbao,1,2,A,0,0,D,9,15,2,6,4,10,9,16,1,4,0,1
2025/26,La Liga,2025-08-31,Espanol,Osasuna,1,0,H,0,0,D,10,10,4,3,2,3,13,14,2,3,0,0
2025/26,La Liga,2025-08-31,Vallecano,Barcelona,1,1,D,0,1,A,12,12,6,3,9,4,16,8,4,1,0,0
2025/26,La Liga,2025-09-12,Sevilla,Elche,2,2,D,1,0,H,7,5,3,2,2,2,23,19,4,3,0,0
2025/26,La Liga,2025-09-13,Getafe,Oviedo,2,0,H,2,0,H,10,5,3,1,4,3,12,18,2,5,0,1
2025/26,La Liga,2025-09-13,Sociedad,Real Madrid,1,2,A,0,2,A,23,16,4,6,12,4,17,7,2,1,0,1
2025/26,La Liga,2025-09-13,Ath Bilbao,Alaves,0,1,A,0,0,D,12,4,3,2,6,6,17,21,4,3,0,0
2025/26,La Liga,2025-09-13,Ath Madrid,Villarreal,2,0,H,1,0,H,8,8,3,1,8,3,12,15,2,4,0,0
2025/26,La Liga,2025-09-14,Celta,Girona,1,1,D,0,1,A,21,13,7,8,10,3,7,9,0,3,0,0
2025/26,La Liga,2025-09-14,Levante,Betis,2,2,D,2,1,H,5,28,2,9,4,12,16,11,3,2,0,0
2025/26,La Liga,2025-09-14,Osasuna,Vallecano,2,0,H,1,0,H,9,19,7,6,3,6,13,7,3,2,0,0
2025/26,La Liga,2025-09-14,Barcelona,Valencia,6,0,H,1,0,H,24,2,10,1,5,4,9,8,0,1,0,0
2025/26,La Liga,2025-09-15,Espanol,Mallorca,3,2,H,2,1,H,9,24,3,10,3,9,9,16,2,1,1,0
2025/26,La Liga,2025-09-19,Betis,Sociedad,3,1,H,1,1,D,21,11,6,5,3,5,7,20,3,7,0,0
2025/26,La Liga,2025-09-20,Girona,Levante,0,4,A,0,1,A,7,14,1,7,5,4,11,17,4,3,2,0
2025/26,La Liga,2025-09-20,Real Madrid,Espanol,2,0,H,1,0,H,16,8,5,1,5,3,10,20,2,0,0,0
2025/26,La Liga,2025-09-20,Alaves,Sevilla,1,2,A,1,1,D,8,9,5,3,4,4,20,19,1,7,0,0
2025/26,La Liga,2025-09-20,Villarreal,Osasuna,2,1,H,0,1,A,26,6,8,3,7,0,10,11,2,3,0,1
2025/26,La Liga,2025-09-20,Valencia,Ath Bilbao,2,0,H,0,0,D,13,11,5,5,5,6,13,6,1,1,0,1
2025/26,La Liga,2025-09-21,Vallecano,Celta,1,1,D,0,0,D,15,9,5,5,5,7,8,10,1,1,0,0
2025/26,La Liga,2025-09-21,Mallorca,Ath Madrid,1,1,D,0,0,D,8,12,3,7,3,6,14,6,0,0,0,1
2025/26,La Liga,2025-09-21,Elche,Oviedo,1,0,H,1,0,H,15,12,5,4,3,3,9,18,2,2,0,0
2025/26,La Liga,2025-09-21,Barcelona,Getafe,3,0,H,2,0,H,16,3,7,2,3,2,9,15,2,4,0,0
2025/26,La Liga,2025-09-23,Ath Bilbao,Girona,1,1,D,0,1,A,17,6,5,3,8,1,19,15,0,2,0,0
2025/26,La Liga,2025-09-23,Espanol,Valencia,2,2,D,0,1,A,21,5,10,2,8,3,9,9,1,4,0,0
2025/26,La Liga,2025-09-23,Levante,Real Madrid,1,4,A,0,2,A,11,24,2,10,1,7,17,9,1,1,0,0
2025/26,La Liga,2025-09-23,Sevilla,Villarreal,1,2,A,0,1,A,16,12,2,5,3,3,17,14,2,3,0,0
2025/26,La Liga,2025-09-24,Getafe,Alaves,1,1,D,0,0,D,7,10,1,4,2,7,14,20,2,3,0,0
2025/26,La Liga,2025-09-24,Ath Madrid,Vallecano,3,2,H,1,1,D,20,9,8,3,8,6,6,12,3,4,0,0
2025/26,La Liga,2025-09-24,Sociedad,Mallorca,1,0,H,0,0,D,17,7,4,3,11,2,13,15,2,2,0,0
2025/26,La Liga,2025-09-25,Osasuna,Elche,1,1,D,1,0,H,9,12,2,4,2,3,19,13,2,2,0,0
2025/26,La Liga,2025-09-25,Oviedo,Barcelona,1,3,A,1,0,H,7,22,3,10,6,9,10,6,1,0,0,0
2025/26,La Liga,2025-09-26,Girona,Espanol,0,0,D,0,0,D,12,20,3,5,8,4,9,11,0,1,0,0
2025/26,La Liga,2025-09-27,Getafe,Levante,1,1,D,0,1,A,11,11,4,3,6,2,15,16,4,3,0,0
2025/26,La Liga,2025-09-27,Ath Madrid,Real Madrid,5,2,H,2,2,D,13,6,7,2,7,2,17,14,5,4,0,0
2025/26,La Liga,2025-09-27,Mallorca,Alaves,1,0,H,1,0,H,12,12,3,3,4,8,14,18,2,3,0,0
2025/26,La Liga,2025-09-27,Villarreal,Ath Bilbao,1,0,H,0,0,D,14,16,5,4,6,5,13,11,2,0,0,0
2025/26,La Liga,2025-09-28,Vallecano,Sevilla,0,1,A,0,0,D,18,4,6,1,12,4,12,15,3,2,1,0
2025/26,La Liga,2025-09-28,Elche,Celta,2,1,H,1,1,D,17,8,8,2,7,2,12,20,3,3,0,0
2025/26,La Liga,2025-09-28,Barcelona,Sociedad,2,1,H,1,1,D,22,7,12,2,12,1,6,12,1,2,0,0
2025/26,La Liga,2025-09-28,Betis,Osasuna,2,0,H,2,0,H,12,12,6,1,5,5,6,7,0,1,0,0
2025/26,La Liga,2025-09-30,Valencia,Oviedo,1,2,A,1,0,H,16,10,5,4,5,4,14,12,1,4,0,1
2025/26,La Liga,2025-10-03,Osasuna,Getafe,2,1,H,1,1,D,7,6,3,2,1,6,11,14,1,4,0,0
2025/26,La Liga,2025-10-04,Oviedo,Levante,0,2,A,0,1,A,13,14,2,5,9,3,10,10,2,2,0,0
2025/26,La Liga,2025-10-04,Girona,Valencia,2,1,H,1,0,H,4,19,4,6,0,7,13,12,5,1,2,0
2025/26,La Liga,2025-10-04,Ath Bilbao,Mallorca,2,1,H,1,0,H,18,7,5,2,7,2,16,13,5,6,0,1
2025/26,La Liga,2025-10-04,Real Madrid,Villarreal,3,1,H,0,0,D,26,9,7,2,4,0,9,14,2,4,0,1
2025/26,La Liga,2025-10-05,Alaves,Elche,3,1,H,0,0,D,25,6,5,3,14,4,13,9,3,1,0,1
2025/26,La Liga,2025-10-05,Sevilla,Barcelona,4,1,H,2,1,H,13,17,5,8,7,6,18,9,7,5,0,0
2025/26,La Liga,2025-10-05,Espanol,Betis,1,2,A,1,0,H,14,12,5,3,10,5,16,4,2,6,0,0
2025/26,La Liga,2025-10-05,Sociedad,Vallecano,0,1,A,0,0,D,10,7,3,2,7,5,13,21,1,2,0,0
2025/26,La Liga,2025-10-05,Celta,Ath Madrid,1,1,D,0,1,A,18,6,4,1,6,3,7,10,1,3,0,1
2025/26,La Liga,2025-10-17,Oviedo,Espanol,0,2,A,0,0,D,13,19,4,10,3,5,9,8,2,1,0,0
2025/26,La Liga,2025-10-18,Sevilla,Mallorca,1,3,A,1,0,H,13,7,4,6,9,2,16,13,2,1,0,0
2025/26,La Liga,2025-10-18,Barcelona,Girona,2,1,H,1,1,D,27,11,9,4,11,5,10,7,1,2,0,0
2025/26,La Liga,2025-10-18,Villarreal,Betis,2,2,D,1,0,H,7,16,3,3,5,6,13,10,1,1,0,0
2025/26,La Liga,2025-10-18,Ath Madrid,Osasuna,1,0,H,0,0,D,18,9,9,2,4,2,10,11,1,3,0,0
2025/26,La Liga,2025-10-19,Elche,Ath Bilbao,0,0,D,0,0,D,15,4,5,1,6,2,14,20,2,3,0,0
2025/26,La Liga,2025-10-19,Celta,Sociedad,1,1,D,1,0,H,4,17,1,7,1,10,10,20,4,3,1,0
2025/26,La Liga,2025-10-19,Levante,Vallecano,0,3,A,0,2,A,17,10,4,5,11,4,6,18,0,1,0,0
2025/26,La Liga,2025-10-19,Getafe,Real Madrid,0,1,A,0,0,D,7,23,1,10,1,4,27,11,4,1,2,0
2025/26,La Liga,2025-10-20,Alaves,Valencia,0,0,D,0,0,D,13,5,3,2,7,0,13,20,1,2,0,0
2025/26,La Liga,2025-10-24,Sociedad,Sevilla,2,1,H,2,1,H,5,6,3,1,1,9,19,14,1,3,0,0
2025/26,La Liga,2025-10-25,Girona,Oviedo,3,3,D,0,1,A,8,10,6,5,11,4,13,16,4,3,0,0
2025/26,La Liga,2025-10-25,Espanol,Elche,1,0,H,0,0,D,16,13,7,4,4,2,14,15,4,2,0,0
2025/26,La Liga,2025-10-25,Ath Bilbao,Getafe,0,1,A,0,0,D,7,8,4,3,1,5,15,14,1,3,0,0
2025/26,La Liga,2025-10-25,Valencia,Villarreal,0,2,A,0,1,A,15,12,3,5,7,5,13,14,2,4,0,0
2025/26,La Liga,2025-10-26,Mallorca,Levante,1,1,D,0,1,A,20,13,4,5,5,4,8,13,3,2,0,0
2025/26,La Liga,2025-10-26,Real Madrid,Barcelona,2,1,H,2,1,H,23,15,10,6,12,4,12,9,5,5,1,1
2025/26,La Liga,2025-10-26,Osasuna,Celta,2,3,A,2,1,H,17,11,7,5,6,2,10,13,3,4,0,0
2025/26,La Liga,2025-10-26,Vallecano,Alaves,1,0,H,0,0,D,15,12,5,2,7,5,13,11,1,3,0,0
2025/26,La Liga,2025-10-27,Betis,Ath Madrid,0,2,A,0,2,A,17,9,5,4,2,5,9,18,2,1,0,0
2025/26,Ligue 1,2025-08-15,Rennes,Marseille,1,0,H,0,0,D,12,24,5,2,1,12,8,11,2,3,1,0
2025/26,Ligue 1,2025-08-16,Lens,Lyon,0,1,A,0,1,A,18,11,5,3,13,8,13,20,2,3,0,0
2025/26,Ligue 1,2025-08-16,Monaco,Le Havre,3,1,H,1,0,H,13,9,3,4,5,4,5,14,0,1,0,0
2025/26,Ligue 1,2025-08-16,Nice,Toulouse,0,1,A,0,0,D,13,10,2,2,9,4,12,13,2,3,0,0
2025/26,Ligue 1,2025-08-17,Brest,Lille,3,3,D,1,2,A,18,10,5,6,2,2,11,13,2,1,0,0
2025/26,Ligue 1,2025-08-17,Angers,Paris FC,1,0,H,1,0,H,8,17,2,7,3,7,14,10,2,1,1,0
2025/26,Ligue 1,2025-08-17,Auxerre,Lorient,1,0,H,0,0,D,7,14,3,3,4,5,18,14,3,2,0,0
2025/26,Ligue 1,2025-08-17,Metz,Strasbourg,0,1,A,0,0,D,2,9,0,4,3,3,16,13,2,2,0,0
2025/26,Ligue 1,2025-08-17,Nantes,Paris SG,0,1,A,0,0,D,6,18,0,4,2,7,6,6,1,1,0,0
2025/26,Ligue 1,2025-08-22,Paris SG,Angers,1,0,H,0,0,D,21,3,4,0,12,0,3,9,0,0,0,0
2025/26,Ligue 1,2025-08-23,Marseille,Paris FC,5,2,H,2,1,H,12,8,7,4,5,2,9,12,1,0,0,0
2025/26,Ligue 1,2025-08-23,Nice,Auxerre,3,1,H,2,1,H,16,12,6,8,5,4,10,15,2,2,0,1
2025/26,Ligue 1,2025-08-23,Lyon,Metz,3,0,H,2,0,H,13,11,8,2,4,3,13,15,0,2,0,0
2025/26,Ligue 1,2025-08-24,Lorient,Rennes,4,0,H,1,0,H,22,5,7,1,3,2,18,7,6,0,0,2
2025/26,Ligue 1,2025-08-24,Le Havre,Lens,1,2,A,1,2,A,18,6,6,3,7,0,17,16,3,1,0,0
2025/26,Ligue 1,2025-08-24,Strasbourg,Nantes,1,0,H,0,0,D,15,9,4,2,7,6,11,9,2,2,0,0
2025/26,Ligue 1,2025-08-24,Toulouse,Brest,2,0,H,0,0,D,6,16,3,2,3,9,14,10,0,1,0,0
2025/26,Ligue 1,2025-08-24,Lille,Monaco,1,0,H,0,0,D,18,6,1,1,8,3,7,14,1,2,0,0
2025/26,Ligue 1,2025-08-29,Lens,Brest,3,1,H,0,1,A,30,9,10,2,15,1,7,12,1,3,0,1
2025/26,Ligue 1,2025-08-30,Lorient,Lille,1,7,A,0,0,D,6,20,2,11,3,8,14,18,3,3,0,0
2025/26,Ligue 1,2025-08-30,Nantes,Auxerre,1,0,H,1,0,H,4,14,3,4,3,9,13,11,1,3,0,0
2025/26,Ligue 1,2025-08-30,Toulouse,Paris SG,3,6,A,1,4,A,14,13,6,8,5,7,7,11,1,0,0,0
2025/26,Ligue 1,2025-08-31,Angers,Rennes,1,1,D,0,1,A,10,15,7,7,1,7,9,11,2,2,0,0
2025/26,Ligue 1,2025-08-31,Le Havre,Nice,3,1,H,1,0,H,12,7,8,3,0,5,13,16,1,4,0,0
2025/26,Ligue 1,2025-08-31,Monaco,Strasbourg,3,2,H,1,0,H,12,12,4,4,6,5,13,12,2,1,0,1
2025/26,Ligue 1,2025-08-31,Paris FC,Metz,3,2,H,1,1,D,24,14,9,2,14,6,4,8,1,1,0,1
2025/26,Ligue 1,2025-08-31,Lyon,Marseille,1,0,H,0,0,D,17,5,5,2,9,4,16,11,2,2,0,1
2025/26,Ligue 1,2025-09-12,Marseille,Lorient,4,0,H,3,0,H,15,4,8,1,10,0,18,5,3,2,0,1
2025/26,Ligue 1,2025-09-13,Nice,Nantes,1,0,H,0,0,D,19,14,8,3,7,4,16,13,2,0,0,0
2025/26,Ligue 1,2025-09-13,Auxerre,Monaco,1,2,A,0,1,A,9,13,2,3,5,8,12,19,3,6,1,0
2025/26,Ligue 1,2025-09-14,Lille,Toulouse,2,1,H,0,0,D,20,9,5,4,7,6,12,10,2,3,0,1
2025/26,Ligue 1,2025-09-14,Brest,Paris FC,1,2,A,0,2,A,23,7,8,4,6,1,11,10,0,2,0,1
2025/26,Ligue 1,2025-09-14,Metz,Angers,1,1,D,1,0,H,9,11,5,4,4,3,10,7,0,1,0,0
2025/26,Ligue 1,2025-09-14,Paris SG,Lens,2,0,H,1,0,H,14,11,6,3,4,3,10,8,1,2,0,0
2025/26,Ligue 1,2025-09-14,Strasbourg,Le Havre,1,0,H,0,0,D,9,10,7,1,4,3,8,16,2,2,1,0
2025/26,Ligue 1,2025-09-14,Rennes,Lyon,3,1,H,0,1,A,23,8,5,5,5,4,18,13,2,2,0,1
2025/26,Ligue 1,2025-09-19,Lyon,Angers,1,0,H,0,0,D,16,10,5,2,7,4,16,10,2,2,0,0
2025/26,Ligue 1,2025-09-20,Nantes,Rennes,2,2,D,0,2,A,16,8,4,4,4,4,14,18,3,1,0,0
2025/26,Ligue 1,2025-09-20,Brest,Nice,4,1,H,2,1,H,11,21,5,4,2,7,17,11,1,3,0,0
2025/26,Ligue 1,2025-09-20,Lens,Lille,3,0,H,2,0,H,15,17,6,3,4,10,17,11,1,3,0,0
2025/26,Ligue 1,2025-09-21,Paris FC,Strasbourg,2,3,A,0,1,A,18,8,6,4,4,2,11,10,1,5,0,0
2025/26,Ligue 1,2025-09-21,Auxerre,Toulouse,1,0,H,1,0,H,6,13,1,3,3,4,12,20,1,6,1,0
2025/26,Ligue 1,2025-09-21,Le Havre,Lorient,1,1,D,0,1,A,13,8,2,4,6,2,20,15,3,6,0,0
2025/26,Ligue 1,2025-09-21,Monaco,Metz,5,2,H,1,1,D,16,8,6,3,4,5,15,6,1,0,0,0
2025/26,Ligue 1,2025-09-22,Marseille,Paris SG,1,0,H,1,0,H,9,12,2,5,5,3,16,7,3,0,0,0
2025/26,Ligue 1,2025-09-26,Strasbourg,Marseille,1,2,A,0,0,D,9,16,1,9,5,4,13,15,2,4,0,0
2025/26,Ligue 1,2025-09-27,Lorient,Monaco,3,1,H,1,0,H,19,5,8,2,2,4,10,11,2,3,0,1
2025/26,Ligue 1,2025-09-27,Toulouse,Nantes,2,2,D,0,1,A,20,12,7,2,1,4,18,12,2,3,0,0
2025/26,Ligue 1,2025-09-27,Paris SG,Auxerre,2,0,H,1,0,H,15,12,8,3,5,5,17,10,1,2,0,0
2025/26,Ligue 1,2025-09-28,Nice,Paris FC,1,1,D,1,0,H,11,13,5,3,5,5,14,14,1,1,0,0
2025/26,Ligue 1,2025-09-28,Angers,Brest,0,2,A,0,2,A,11,7,2,3,11,4,13,13,1,1,0,0
2025/26,Ligue 1,2025-09-28,Lille,Lyon,0,1,A,0,1,A,14,5,3,2,3,4,20,24,4,4,1,0
2025/26,Ligue 1,2025-09-28,Metz,Le Havre,0,0,D,0,0,D,7,11,0,2,4,6,16,16,2,2,0,0
2025/26,Ligue 1,2025-09-28,Rennes,Lens,0,0,D,0,0,D,14,13,2,2,8,4,16,9,3,2,0,1
2025/26,Ligue 1,2025-10-03,Paris FC,Lorient,2,0,H,2,0,H,10,8,2,3,1,5,19,10,0,2,0,0
2025/26,Ligue 1,2025-10-04,Metz,Marseille,0,3,A,0,0,D,4,21,1,9,4,4,8,7,0,0,0,0
2025/26,Ligue 1,2025-10-04,Brest,Nantes,0,0,D,0,0,D,17,6,5,0,12,3,11,12,2,1,0,0
2025/26,Ligue 1,2025-10-04,Auxerre,Lens,1,2,A,0,1,A,18,7,2,4,2,2,10,21,3,7,0,1
2025/26,Ligue 1,2025-10-05,Lyon,Toulouse,1,2,A,1,0,H,13,14,3,4,8,5,13,17,1,3,0,0
2025/26,Ligue 1,2025-10-05,Le Havre,Rennes,2,2,D,1,2,A,10,9,2,3,3,4,13,9,1,2,0,0
2025/26,Ligue 1,2025-10-05,Monaco,Nice,2,2,D,1,2,A,20,9,6,2,6,7,10,9,1,3,0,1
2025/26,Ligue 1,2025-10-05,Strasbourg,Angers,5,0,H,1,0,H,18,5,12,1,2,5,12,11,2,2,0,0
2025/26,Ligue 1,2025-10-05,Lille,Paris SG,1,1,D,0,0,D,9,17,3,5,3,5,11,12,1,1,0,0
2025/26,Ligue 1,2025-10-17,Paris SG,Strasbourg,3,3,D,1,2,A,21,12,9,7,4,1,12,15,2,1,0,0
2025/26,Ligue 1,2025-10-18,Nice,Lyon,3,2,H,2,1,H,5,29,4,7,1,16,10,11,1,2,0,0
2025/26,Ligue 1,2025-10-18,Angers,Monaco,1,1,D,0,0,D,16,11,3,4,10,3,15,14,2,2,0,0
2025/26,Ligue 1,2025-10-18,Marseille,Le Havre,6,2,H,1,1,D,18,8,11,3,2,1,17,13,2,1,0,1
2025/26,Ligue 1,2025-10-19,Lens,Paris FC,2,1,H,1,1,D,11,9,3,3,11,3,11,8,2,2,0,0
2025/26,Ligue 1,2025-10-19,Lorient,Brest,3,3,D,1,2,A,12,8,7,4,5,2,13,16,3,2,0,0
2025/26,Ligue 1,2025-10-19,Rennes,Auxerre,2,2,D,1,1,D,19,7,7,4,6,2,11,15,1,3,0,0
2025/26,Ligue 1,2025-10-19,Toulouse,Metz,4,0,H,2,0,H,16,2,7,2,5,1,14,11,2,1,0,1
2025/26,Ligue 1,2025-10-19,Nantes,Lille,0,2,A,0,1,A,8,23,3,5,5,9,12,15,1,4,0,0
2025/26,Ligue 1,2025-10-24,Paris FC,Nantes,1,2,A,1,2,A,14,11,3,3,8,2,10,13,3,2,0,0
2025/26,Ligue 1,2025-10-25,Brest,Paris SG,0,3,A,0,2,A,8,18,2,8,2,7,10,10,1,1,0,0
2025/26,Ligue 1,2025-10-25,Monaco,Toulouse,1,0,H,1,0,H,14,10,5,2,2,5,15,18,3,4,0,0
2025/26,Ligue 1,2025-10-25,Lens,Marseille,2,1,H,1,1,D,8,17,5,3,4,8,12,9,3,2,0,0
2025/26,Ligue 1,2025-10-26,Lille,Metz,6,1,H,2,0,H,23,10,12,4,7,8,18,12,3,2,0,0
2025/26,Ligue 1,2025-10-26,Angers,Lorient,2,0,H,1,0,H,7,23,4,4,1,6,14,6,1,0,0,0
2025/26,Ligue 1,2025-10-26,Auxerre,Le Havre,0,1,A,0,0,D,14,9,3,4,13,5,21,12,2,2,0,0
2025/26,Ligue 1,2025-10-26,Rennes,Nice,1,2,A,0,2,A,19,8,7,3,7,3,13,22,5,2,0,0
2025/26,Ligue 1,2025-10-26,Lyon,Strasbourg,2,1,H,1,1,D,8,7,3,2,4,2,15,19,0,4,0,1
2025/26,Ligue 1,2025-10-29,Le Havre,Brest,1,0,H,0,0,D,13,8,3,2,5,1,12,11,1,3,0,0
2025/26,Ligue 1,2025-10-29,Lorient,Paris SG,1,1,D,0,0,D,5,15,2,8,0,8,5,13,0,2,0,0
2025/26,Ligue 1,2025-10-29,Metz,Lens,2,0,H,0,0,D,16,10,7,2,2,5,15,15,3,2,1,0
2025/26,Ligue 1,2025-10-29,Nice,Lille,2,0,H,1,0,H,8,21,4,4,2,13,11,10,3,3,0,0
2025/26,Ligue 1,2025-10-29,Marseille,Angers,2,2,D,0,1,A,11,12,6,6,1,5,11,7,2,1,0,0
2025/26,Ligue 1,2025-10-29,Nantes,Monaco,3,5,A,2,2,D,18,19,5,9,1,3,13,17,3,5,0,0
2025/26,Ligue 1,2025-10-29,Paris FC,Lyon,3,3,D,0,1,A,11,7,3,4,4,2,18,16,6,2,1,1
2025/26,Ligue 1,2025-10-29,Strasbourg,Auxerre,3,0,H,0,0,D,18,6,9,1,4,3,11,16,1,1,0,0
2025/26,Ligue 1,2025-10-29,Toulouse,Rennes,2,2,D,0,0,D,15,11,4,5,5,8,9,12,2,3,0,0
2025/26,Premier League,2025-08-15,Liverpool,Bournemouth,4,2,H,1,0,H,19,10,10,3,6,7,7,10,1,2,0,0
2025/26,Premier League,2025-08-16,Aston Villa,Newcastle,0,0,D,0,0,D,3,16,3,3,3,6,13,11,1,1,1,0
2025/26,Premier League,2025-08-16,Brighton,Fulham,1,1,D,0,0,D,10,7,4,2,4,3,16,15,3,3,0,0
2025/26,Premier League,2025-08-16,Sunderland,West Ham,3,0,H,0,0,D,10,12,5,4,5,7,8,10,0,1,0,0
2025/26,Premier League,2025-08-16,Tottenham,Burnley,3,0,H,1,0,H,16,14,6,4,6,5,14,8,0,0,0,0
2025/26,Premier League,2025-08-16,Wolves,Man City,0,4,A,0,2,A,9,15,3,4,4,6,13,7,1,2,0,0
2025/26,Premier League,2025-08-17,Chelsea,Crystal Palace,0,0,D,0,0,D,19,12,3,4,11,2,10,12,2,3,0,0
2025/26,Premier League,2025-08-17,Nott'm Forest,Brentford,3,1,H,3,0,H,11,10,5,3,5,5,7,15,1,2,0,0
2025/26,Premier League,2025-08-17,Man United,Arsenal,0,1,A,0,1,A,22,9,7,3,3,4,10,19,1,4,0,0
2025/26,Premier League,2025-08-18,Leeds,Everton,1,0,H,0,0,D,21,7,3,1,7,2,6,8,0,2,0,0
2025/26,Premier League,2025-08-22,West Ham,Chelsea,1,5,A,1,3,A,12,12,4,7,7,5,7,10,0,1,0,0
2025/26,Premier League,2025-08-23,Man City,Tottenham,0,2,A,0,2,A,10,12,4,5,7,2,7,12,1,4,0,0
2025/26,Premier League,2025-08-23,Bournemouth,Wolves,1,0,H,1,0,H,14,6,4,1,8,3,13,16,2,4,0,1
2025/26,Premier League,2025-08-23,Brentford,Aston Villa,1,0,H,1,0,H,9,17,2,2,2,9,11,9,1,2,0,0
2025/26,Premier League,2025-08-23,Burnley,Sunderland,2,0,H,0,0,D,7,9,2,1,4,3,9,5,0,1,0,0
2025/26,Premier League,2025-08-23,Arsenal,Leeds,5,0,H,2,0,H,18,3,5,1,2,2,8,11,0,2,0,0
2025/26,Premier League,2025-08-24,Crystal Palace,Nott'm Forest,1,1,D,1,0,H,8,9,4,1,1,3,11,11,3,3,0,0
2025/26,Premier League,2025-08-24,Everton,Brighton,2,0,H,1,0,H,11,13,3,4,2,2,7,15,4,3,0,0
2025/26,Premier League,2025-08-24,Fulham,Man United,1,1,D,0,0,D,13,10,4,3,9,6,12,10,1,1,0,0
2025/26,Premier League,2025-08-25,Newcastle,Liverpool,2,3,A,0,1,A,10,5,3,4,7,1,17,15,2,3,1,0
2025/26,Premier League,2025-08-30,Chelsea,Fulham,2,0,H,1,0,H,13,11,6,3,6,4,11,17,2,2,0,0
2025/26,Premier League,2025-08-30,Man United,Burnley,3,2,H,1,0,H,26,6,6,3,7,1,9,9,1,5,0,0
2025/26,Premier League,2025-08-30,Sunderland,Brentford,2,1,H,0,0,D,12,7,3,4,3,4,11,12,3,2,0,0
2025/26,Premier League,2025-08-30,Tottenham,Bournemouth,0,1,A,0,1,A,5,20,1,6,0,8,17,13,2,4,0,0
2025/26,Premier League,2025-08-30,Wolves,Everton,2,3,A,1,2,A,12,10,4,4,2,2,15,10,0,1,0,0
2025/26,Premier League,2025-08-30,Leeds,Newcastle,0,0,D,0,0,D,10,8,1,2,5,5,10,15,1,1,0,0
2025/26,Premier League,2025-08-31,Brighton,Man City,2,1,H,0,1,A,12,12,7,3,3,2,16,14,2,2,0,0
2025/26,Premier League,2025-08-31,Nott'm Forest,West Ham,0,3,A,0,0,D,11,12,3,8,9,7,14,6,0,0,0,0
2025/26,Premier League,2025-08-31,Liverpool,Arsenal,1,0,H,0,0,D,9,11,3,1,3,8,7,10,2,2,0,0
2025/26,Premier League,2025-08-31,Aston Villa,Crystal Palace,0,3,A,0,1,A,13,6,4,4,10,1,7,14,2,3,0,0
2025/26,Premier League,2025-09-13,Arsenal,Nott'm Forest,3,0,H,1,0,H,16,5,5,1,8,4,8,11,1,1,0,0
2025/26,Premier League,2025-09-13,Bournemouth,Brighton,2,1,H,1,0,H,13,6,5,2,4,4,16,10,4,4,0,0
2025/26,Premier League,2025-09-13,Crystal Palace,Sunderland,0,0,D,0,0,D,14,6,6,0,5,3,10,8,1,1,0,0
2025/26,Premier League,2025-09-13,Everton,Aston Villa,0,0,D,0,0,D,20,7,2,1,10,3,17,15,3,3,0,0
2025/26,Premier League,2025-09-13,Fulham,Leeds,1,0,H,0,0,D,5,10,3,3,3,3,20,15,1,2,0,0
2025/26,Premier League,2025-09-13,Newcastle,Wolves,1,0,H,1,0,H,16,8,4,3,10,4,10,17,1,4,0,0
2025/26,Premier League,2025-09-13,West Ham,Tottenham,0,3,A,0,0,D,7,14,4,5,2,13,8,7,0,1,1,0
2025/26,Premier League,2025-09-13,Brentford,Chelsea,2,2,D,1,0,H,7,16,4,6,5,6,13,9,3,2,0,0
2025/26,Premier League,2025-09-14,Burnley,Liverpool,0,1,A,0,0,D,3,27,0,4,1,13,9,9,0,2,0,0
2025/26,Premier League,2025-09-14,Man City,Man United,3,0,H,1,0,H,13,12,6,2,2,4,8,8,0,0,0,0
2025/26,Premier League,2025-09-20,Liverpool,Everton,2,1,H,2,0,H,11,9,3,2,5,4,11,10,2,3,0,0
2025/26,Premier League,2025-09-20,Brighton,Tottenham,2,2,D,2,1,H,12,11,4,3,2,10,10,13,1,2,0,0
2025/26,Premier League,2025-09-20,Burnley,Nott'm Forest,1,1,D,1,1,D,12,17,5,8,4,5,12,11,1,1,0,0
2025/26,Premier League,2025-09-20,West Ham,Crystal Palace,1,2,A,0,1,A,8,18,3,3,8,8,15,5,3,3,0,0
2025/26,Premier League,2025-09-20,Wolves,Leeds,1,3,A,1,3,A,16,6,6,4,4,0,11,9,1,1,0,0
2025/26,Premier League,2025-09-20,Man United,Chelsea,2,1,H,2,0,H,11,5,4,1,5,5,13,14,0,5,1,1
2025/26,Premier League,2025-09-20,Fulham,Brentford,3,1,H,2,1,H,14,8,3,3,2,10,11,13,4,1,0,0
2025/26,Premier League,2025-09-21,Bournemouth,Newcastle,0,0,D,0,0,D,11,4,2,1,5,2,7,10,2,1,0,0
2025/26,Premier League,2025-09-21,Sunderland,Aston Villa,1,1,D,0,0,D,14,12,4,2,6,5,14,8,2,1,1,0
2025/26,Premier League,2025-09-21,Arsenal,Man City,1,1,D,0,1,A,12,5,3,3,11,2,11,10,1,2,0,0
2025/26,Premier League,2025-09-27,Brentford,Man United,3,1,H,2,1,H,10,14,8,6,4,2,14,10,2,2,0,0
2025/26,Premier League,2025-09-27,Chelsea,Brighton,1,3,A,1,0,H,13,12,3,3,5,7,9,16,3,5,1,0
2025/26,Premier League,2025-09-27,Crystal Palace,Liverpool,2,1,H,1,0,H,16,20,7,4,2,6,10,8,1,3,0,0
2025/26,Premier League,2025-09-27,Leeds,Bournemouth,2,2,D,1,1,D,19,12,8,5,7,4,12,13,2,2,0,0
2025/26,Premier League,2025-09-27,Man City,Burnley,5,1,H,1,1,D,21,9,8,2,10,2,5,7,1,3,0,0
2025/26,Premier League,2025-09-27,Nott'm Forest,Sunderland,0,1,A,0,1,A,22,11,6,3,7,4,11,6,4,2,0,0
2025/26,Premier League,2025-09-27,Tottenham,Wolves,1,1,D,0,0,D,10,9,3,3,10,9,9,11,3,2,0,0
2025/26,Premier League,2025-09-28,Aston Villa,Fulham,3,1,H,1,1,D,9,11,4,4,2,8,10,13,1,4,0,0
2025/26,Premier League,2025-09-28,Newcastle,Arsenal,1,2,A,1,0,H,8,20,3,7,7,12,8,9,2,1,0,0
2025/26,Premier League,2025-09-29,Everton,West Ham,1,1,D,1,0,H,12,14,6,3,3,5,7,16,3,4,0,0
2025/26,Premier League,2025-10-03,Bournemouth,Fulham,3,1,H,0,0,D,11,12,6,4,4,3,8,10,0,1,0,0
2025/26,Premier League,2025-10-04,Leeds,Tottenham,1,2,A,1,1,D,16,9,4,3,4,1,10,12,2,3,0,0
2025/26,Premier League,2025-10-04,Arsenal,West Ham,2,0,H,1,0,H,21,4,5,0,8,3,14,14,0,2,0,0
2025/26,Premier League,2025-10-04,Man United,Sunderland,2,0,H,2,0,H,15,8,6,3,2,3,10,12,1,4,0,0
2025/26,Premier League,2025-10-04,Chelsea,Liverpool,2,1,H,1,0,H,12,12,6,2,7,2,9,8,0,2,0,0
2025/26,Premier League,2025-10-05,Aston Villa,Burnley,2,1,H,1,0,H,15,5,7,2,6,4,9,15,3,1,0,0
2025/26,Premier League,2025-10-05,Everton,Crystal Palace,2,1,H,0,1,A,14,15,7,8,2,4,13,16,2,3,0,0
2025/26,Premier League,2025-10-05,Newcastle,Nott'm Forest,2,0,H,0,0,D,18,5,9,4,8,1,16,15,0,4,0,0
2025/26,Premier League,2025-10-05,Wolves,Brighton,1,1,D,1,0,H,6,17,3,6,2,8,13,9,2,4,0,0
2025/26,Premier League,2025-10-05,Brentford,Man City,0,1,A,0,1,A,6,10,1,4,3,2,10,6,3,2,0,0
2025/26,Premier League,2025-10-18,Nott'm Forest,Chelsea,0,3,A,0,0,D,12,17,2,6,5,2,13,16,2,2,0,1
2025/26,Premier League,2025-10-18,Brighton,Newcastle,2,1,H,1,0,H,13,16,5,3,8,4,9,9,0,1,0,0
2025/26,Premier League,2025-10-18,Burnley,Leeds,2,0,H,1,0,H,4,19,3,4,1,5,10,7,2,1,0,0
2025/26,Premier League,2025-10-18,Crystal Palace,Bournemouth,3,3,D,0,2,A,20,8,7,5,6,5,8,16,1,4,0,0
2025/26,Premier League,2025-10-18,Man City,Everton,2,0,H,0,0,D,19,5,7,1,11,3,8,14,0,2,0,0
2025/26,Premier League,2025-10-18,Sunderland,Wolves,2,0,H,1,0,H,8,16,2,3,3,2,5,12,0,0,0,0
2025/26,Premier League,2025-10-18,Fulham,Arsenal,0,1,A,0,0,D,9,16,0,5,6,10,11,4,0,0,0,0
2025/26,Premier League,2025-10-19,Tottenham,Aston Villa,1,2,A,1,1,D,9,8,3,2,6,6,11,7,2,0,0,0
2025/26,Premier League,2025-10-19,Liverpool,Man United,1,2,A,0,1,A,19,12,6,4,9,4,8,14,0,2,0,0
2025/26,Premier League,2025-10-20,West Ham,Brentford,0,2,A,0,1,A,7,22,1,7,6,10,10,10,1,1,0,0
2025/26,Premier League,2025-10-24,Leeds,West Ham,2,1,H,2,0,H,13,9,5,3,3,4,12,11,3,3,0,0
2025/26,Premier League,2025-10-25,Chelsea,Sunderland,1,2,A,1,1,D,16,10,7,4,9,1,15,13,1,1,0,0
2025/26,Premier League,2025-10-25,Newcastle,Fulham,2,1,H,1,0,H,18,12,7,5,4,3,11,18,0,2,0,0
2025/26,Premier League,2025-10-25,Man United,Brighton,4,2,H,2,0,H,13,17,9,5,1,6,4,13,2,2,0,0
2025/26,Premier League,2025-10-25,Brentford,Liverpool,3,2,H,2,1,H,17,18,8,5,5,4,7,10,3,2,0,0
2025/26,Premier League,2025-10-26,Arsenal,Crystal Palace,1,0,H,1,0,H,10,7,3,1,4,3,6,11,0,0,0,0
2025/26,Premier League,2025-10-26,Aston Villa,Man City,1,0,H,1,0,H,9,18,3,4,5,6,8,16,1,4,0,0
2025/26,Premier League,2025-10-26,Bournemouth,Nott'm Forest,2,0,H,2,0,H,13,8,5,4,6,4,17,7,3,1,0,0
2025/26,Premier League,2025-10-26,Wolves,Burnley,2,3,A,2,2,D,15,11,7,7,5,3,12,7,1,0,0,0
2025/26,Premier League,2025-10-26,Everton,Tottenham,0,3,A,0,2,A,12,7,2,4,9,8,9,8,2,0,0,0
2025/26,Serie A,2025-08-23,Genoa,Lecce,0,0,D,0,0,D,5,7,2,0,3,7,16,13,2,3,0,0
2025/26,Serie A,2025-08-23,Sassuolo,Napoli,0,2,A,0,1,A,7,13,2,4,1,2,17,17,3,1,1,0
2025/26,Serie A,2025-08-23,Milan,Cremonese,1,2,A,1,1,D,24,4,6,3,9,2,10,14,1,4,0,0
2025/26,Serie A,2025-08-23,Roma,Bologna,1,0,H,0,0,D,14,10,4,2,2,4,15,13,1,1,0,0
2025/26,Serie A,2025-08-24,Cagliari,Fiorentina,1,1,D,0,0,D,14,4,6,1,3,2,18,14,4,2,0,0
2025/26,Serie A,2025-08-24,Como,Lazio,2,0,H,0,0,D,19,5,6,1,6,0,15,12,2,3,0,0
2025/26,Serie A,2025-08-24,Atalanta,Pisa,1,1,D,0,1,A,21,11,6,2,10,4,9,10,2,0,0,0
2025/26,Serie A,2025-08-24,Juventus,Parma,2,0,H,0,0,D,25,8,8,2,6,6,9,13,1,2,1,0
2025/26,Serie A,2025-08-25,Udinese,Verona,1,1,D,0,0,D,14,9,4,3,5,1,14,14,3,2,0,0
2025/26,Serie A,2025-08-25,Inter,Torino,5,0,H,2,0,H,20,12,9,4,6,5,14,6,0,0,0,0
2025/26,Serie A,2025-08-29,Cremonese,Sassuolo,3,2,H,2,0,H,11,9,6,6,5,4,12,17,2,2,0,0
2025/26,Serie A,2025-08-29,Lecce,Milan,0,2,A,0,0,D,7,14,2,6,4,5,10,8,1,0,0,0
2025/26,Serie A,2025-08-30,Bologna,Como,1,0,H,0,0,D,15,13,2,2,7,4,13,19,4,3,0,0
2025/26,Serie A,2025-08-30,Parma,Atalanta,1,1,D,0,0,D,7,11,3,3,1,2,8,15,2,2,0,0
2025/26,Serie A,2025-08-30,Napoli,Cagliari,1,0,H,0,0,D,20,10,6,1,13,0,16,12,2,1,0,0
2025/26,Serie A,2025-08-30,Pisa,Roma,0,1,A,0,0,D,7,10,3,5,1,7,14,10,2,1,0,0
2025/26,Serie A,2025-08-31,Genoa,Juventus,0,1,A,0,0,D,10,13,1,3,3,4,14,15,1,2,0,0
2025/26,Serie A,2025-08-31,Torino,Fiorentina,0,0,D,0,0,D,7,16,4,4,7,3,21,13,2,2,0,0
2025/26,Serie A,2025-08-31,Inter,Udinese,1,2,A,1,2,A,16,10,4,5,13,2,17,5,1,3,0,0
2025/26,Serie A,2025-08-31,Lazio,Verona,4,0,H,3,0,H,22,12,6,4,8,1,8,19,0,0,0,0
2025/26,Serie A,2025-09-13,Cagliari,Parma,2,0,H,1,0,H,12,17,5,5,4,5,15,18,3,1,0,0
2025/26,Serie A,2025-09-13,Juventus,Inter,4,3,H,2,1,H,12,18,4,4,5,9,14,10,2,1,0,0
2025/26,Serie A,2025-09-13,Fiorentina,Napoli,1,3,A,0,2,A,19,14,3,9,8,5,14,14,0,0,0,0
2025/26,Serie A,2025-09-14,Roma,Torino,0,1,A,0,0,D,22,8,5,4,7,4,11,17,2,3,0,0
2025/26,Serie A,2025-09-14,Atalanta,Lecce,4,1,H,1,0,H,19,12,8,3,8,2,12,7,0,0,0,0
2025/26,Serie A,2025-09-14,Pisa,Udinese,0,1,A,0,1,A,12,13,2,3,8,6,13,15,1,2,0,0
2025/26,Serie A,2025-09-14,Sassuolo,Lazio,1,0,H,0,0,D,10,13,3,3,3,7,15,11,6,3,0,0
2025/26,Serie A,2025-09-14,Milan,Bologna,1,0,H,0,0,D,14,5,3,0,7,4,17,16,3,2,0,0
2025/26,Serie A,2025-09-15,Verona,Cremonese,0,0,D,0,0,D,20,6,9,2,10,1,18,3,2,1,0,0
2025/26,Serie A,2025-09-15,Como,Genoa,1,1,D,1,0,H,13,13,4,6,0,8,13,17,2,2,1,0
2025/26,Serie A,2025-09-19,Lecce,Cagliari,1,2,A,1,1,D,11,15,5,6,4,7,10,19,2,3,0,0
2025/26,Serie A,2025-09-20,Bologna,Genoa,2,1,H,0,0,D,14,7,6,4,8,2,12,15,1,5,0,0
2025/26,Serie A,2025-09-20,Verona,Juventus,1,1,D,1,1,D,14,10,4,4,5,3,18,10,3,3,0,0
2025/26,Serie A,2025-09-20,Udinese,Milan,0,3,A,0,1,A,10,13,4,6,1,4,9,7,2,0,0,0
2025/26,Serie A,2025-09-21,Lazio,Roma,0,1,A,0,1,A,10,13,2,6,3,6,14,22,1,1,2,0
2025/26,Serie A,2025-09-21,Cremonese,Parma,0,0,D,0,0,D,3,15,1,3,3,3,16,8,1,0,0,0
2025/26,Serie A,2025-09-21,Torino,Atalanta,0,3,A,0,3,A,11,9,5,5,1,0,11,9,0,0,0,0
2025/26,Serie A,2025-09-21,Fiorentina,Como,1,2,A,1,0,H,8,19,1,7,2,6,16,19,4,3,0,0
2025/26,Serie A,2025-09-21,Inter,Sassuolo,2,1,H,1,0,H,20,9,6,5,7,3,15,8,2,1,0,0
2025/26,Serie A,2025-09-22,Napoli,Pisa,3,2,H,1,0,H,18,15,6,6,5,3,10,18,1,2,0,0
2025/26,Serie A,2025-09-27,Como,Cremonese,1,1,D,1,0,H,14,9,6,2,4,3,16,17,3,4,1,0
2025/26,Serie A,2025-09-27,Juventus,Atalanta,1,1,D,0,1,A,24,12,10,2,14,5,6,7,0,3,0,1
2025/26,Serie A,2025-09-27,Cagliari,Inter,0,2,A,0,1,A,6,20,0,5,4,4,13,14,0,2,0,0
2025/26,Serie A,2025-09-28,Sassuolo,Udinese,3,1,H,2,0,H,11,12,5,5,1,5,5,22,0,3,0,0
2025/26,Serie A,2025-09-28,Pisa,Fiorentina,0,0,D,0,0,D,11,14,1,2,4,6,15,15,0,1,0,0
2025/26,Serie A,2025-09-28,Roma,Verona,2,0,H,1,0,H,10,12,5,3,8,1,11,19,0,4,0,0
2025/26,Serie A,2025-09-28,Lecce,Bologna,2,2,D,1,1,D,12,14,4,5,3,9,13,13,4,2,0,0
2025/26,Serie A,2025-09-28,Milan,Napoli,2,1,H,2,0,H,6,19,3,7,1,7,7,7,1,0,1,0
2025/26,Serie A,2025-09-29,Parma,Torino,2,1,H,1,0,H,13,15,2,4,4,3,10,12,3,3,0,0
2025/26,Serie A,2025-09-29,Genoa,Lazio,0,3,A,0,2,A,17,10,5,6,6,0,18,16,5,1,0,0
2025/26,Serie A,2025-10-03,Verona,Sassuolo,0,1,A,0,0,D,17,11,9,3,4,2,14,12,2,2,0,0
2025/26,Serie A,2025-10-04,Lazio,Torino,3,3,D,2,1,H,9,16,4,8,3,5,13,22,3,3,0,0
2025/26,Serie A,2025-10-04,Parma,Lecce,0,1,A,0,1,A,10,7,2,3,4,9,16,16,1,2,0,0
2025/26,Serie A,2025-10-04,Inter,Cremonese,4,1,H,2,0,H,27,3,9,2,13,1,9,8,1,1,0,0
2025/26,Serie A,2025-10-04,Atalanta,Como,1,1,D,1,1,D,16,12,4,4,8,3,10,19,1,3,0,0
2025/26,Serie A,2025-10-05,Udinese,Cagliari,1,1,D,0,1,A,23,8,4,2,7,2,14,16,1,2,0,0
2025/26,Serie A,2025-10-05,Bologna,Pisa,4,0,H,3,0,H,24,2,7,0,2,2,16,12,0,1,0,1
2025/26,Serie A,2025-10-05,Fiorentina,Roma,1,2,A,1,2,A,11,8,3,3,3,4,19,21,2,3,0,0
2025/26,Serie A,2025-10-05,Napoli,Genoa,2,1,H,0,1,A,12,6,5,1,7,5,16,15,1,3,0,0
2025/26,Serie A,2025-10-05,Juventus,Milan,0,0,D,0,0,D,12,13,3,4,6,0,15,8,2,2,0,0
2025/26,Serie A,2025-10-18,Lecce,Sassuolo,0,0,D,0,0,D,11,9,2,2,6,4,16,14,2,2,0,0
2025/26,Serie A,2025-10-18,Pisa,Verona,0,0,D,0,0,D,7,15,0,3,3,8,8,14,4,2,0,0
2025/26,Serie A,2025-10-18,Torino,Napoli,1,0,H,1,0,H,12,22,2,5,3,11,9,9,1,2,0,0
2025/26,Serie A,2025-10-18,Roma,Inter,0,1,A,0,1,A,15,12,5,3,4,5,18,29,4,3,0,0
2025/26,Serie A,2025-10-19,Como,Juventus,2,0,H,1,0,H,12,15,6,3,4,1,17,15,3,1,0,0
2025/26,Serie A,2025-10-19,Cagliari,Bologna,0,2,A,0,1,A,4,10,3,7,2,7,15,22,1,3,0,0
2025/26,Serie A,2025-10-19,Genoa,Parma,0,0,D,0,0,D,23,1,7,0,3,0,15,13,2,5,0,1
2025/26,Serie A,2025-10-19,Atalanta,Lazio,0,0,D,0,0,D,16,4,6,1,7,1,10,5,4,0,0,0
2025/26,Serie A,2025-10-19,Milan,Fiorentina,2,1,H,0,0,D,14,5,4,1,1,3,14,12,3,3,0,0
2025/26,Serie A,2025-10-20,Cremonese,Udinese,1,1,D,1,0,H,11,8,4,1,5,4,15,14,4,2,0,0
2025/26,Serie A,2025-10-24,Milan,Pisa,2,2,D,1,0,H,20,8,7,2,6,2,8,21,1,3,0,0
2025/26,Serie A,2025-10-25,Parma,Como,0,0,D,0,0,D,10,6,3,2,3,3,7,14,0,1,0,0
2025/26,Serie A,2025-10-25,Udinese,Lecce,3,2,H,2,0,H,8,13,4,3,4,9,12,12,2,2,0,0
2025/26,Serie A,2025-10-25,Napoli,Inter,3,1,H,1,0,H,7,15,3,3,1,4,15,10,2,1,0,0
2025/26,Serie A,2025-10-25,Cremonese,Atalanta,1,1,D,0,0,D,9,20,5,6,2,10,6,8,3,1,0,0
2025/26,Serie A,2025-10-26,Torino,Genoa,2,1,H,0,1,A,13,11,6,3,9,1,14,9,2,2,0,0
2025/26,Serie A,2025-10-26,Sassuolo,Roma,0,1,A,0,1,A,11,15,1,8,6,6,18,16,3,2,0,0
2025/26,Serie A,2025-10-26,Verona,Cagliari,2,2,D,1,0,H,10,7,6,3,3,2,16,12,3,4,0,0
2025/26,Serie A,2025-10-26,Fiorentina,Bologna,2,2,D,0,1,A,19,6,7,3,5,6,13,20,3,5,0,1
2025/26,Serie A,2025-10-26,Lazio,Juventus,1,0,H,1,0,H,13,14,3,5,2,5,11,18,2,4,0,0
2025/26,Serie A,2025-10-28,Lecce,Napoli,0,1,A,0,0,D,7,14,2,3,3,5,10,14,2,1,0,0
2025/26,Serie A,2025-10-28,Atalanta,Milan,1,1,D,1,1,D,17,6,3,1,9,4,9,8,1,3,0,0
2025/26,Serie A,2025-10-29,Como,Verona,3,1,H,1,1,D,15,13,5,9,1,3,11,21,1,4,0,0
2025/26,Serie A,2025-10-29,Juventus,Udinese,3,1,H,1,1,D,25,8,11,2,8,4,12,13,1,4,0,0
2025/26,Serie A,2025-10-29,Roma,Parma,2,1,H,0,0,D,18,8,6,5,9,2,8,9,0,3,0,0
2025/26,Serie A,2025-10-29,Bologna,Torino,0,0,D,0,0,D,11,8,2,2,3,3,11,20,2,3,0,0
2025/26,Serie A,2025-10-29,Genoa,Cremonese,0,2,A,0,1,A,16,12,1,4,7,3,16,13,3,1,0,0
2025/26,Serie A,2025-10-29,Inter,Fiorentina,3,0,H,0,0,D,22,10,8,2,8,5,11,16,1,2,0,1
2025/26,Serie A,2025-10-30,Cagliari,Sassuolo,1,2,A,0,0,D,8,12,1,4,6,7,20,21,4,4,0,0
2025/26,Serie A,2025-10-30,Pisa,Lazio,0,0,D,0,0,D,10,11,2,6,3,1,16,12,2,2,0,0
